vendi,përqindja_femra_stem
Bosnje,30.630681818181817
Bullgari,30.35181818181818
Kosovë,28.884545454545457
Kroaci,28.99295454545455
Mali i Zi,30.088409090909092
Maqedoni e Veriut,28.93318181818182
Rumania,29.07431818181818
Serbi,31.789545454545454
Shqipëri,30.219545454545457
Slloveni,28.49090909090909
